,Agent#,Time Period,SOC (%)
0,agent0,0,74.28108108108108
1,agent1,0,68.93085468975151
2,agent2,0,73.47837837837837
3,agent3,0,68.71684289011327
4,agent0,1,74.54864864864865
5,agent1,1,66.87415512195966
6,agent2,1,76.42162162162161
7,agent3,1,68.2182391122783
